,LastName,FirstName,Department,Office,id
1,Bramar,Mat,Administration,3100,mbramar
2,Carrara,Lise,Administration,3420,lcarrara
3,Celio,Nicolai,Administration,3430,ncelio
4,Florez,Geneviere,Administration,3340,gflorez
5,Forluniau,Carla,Administration,2175,cforluniau
6,Frost,Jeanetts,Administration,1000,jfrost
7,Holly,Jama,Administration,2410,jholly
8,Klinger,Evangeline,Administration,3360,eklinger
9,Lagos,Linda,Administration,3210,llagos
10,Lais,Cornelia,Administration,3500,clais
11,Mies Haber,Ruscella,Administration,2110,rmieshaber
12,Pantanal,Rachel,Administration,3140,rpantanal
13,Pavone,Emma,Administration,3150,epavone
14,Ribera,Anda,Administration,3110,aribera
15,Seifert,Tifany,Administration,3515,tseifert
16,Alinari,Marcella,Engineering,2370,malinai
17,Azada,Lars,Engineering,2535,lazada
18,Balas,Felix,Engineering,2530,fbalas
19,Battles,Tamica,Engineering,2470,tbattles
20,Borrasca,Isande,Engineering,2355,iborrasca
21,Bueno,Penney,Engineering,2140,pbueno
22,Calzas,Axel,Engineering,2430,acalzas
23,Carrara,Tore,Engineering,2375,tcarrara
24,Cassano,Mikael,Engineering,2630,mcassano
25,Cazar,Gustav,Engineering,2620,gcazar
26,Dedos,Lidelse,Engineering,2100,ldedos
27,Finney,Yuko,Engineering,2460,yfinney
28,Frente,Birgitta,Engineering,2525,bfrente
29,Frente,Vira,Engineering,2380,vfrente
30,Grogan,Latasha,Engineering,2135,lgrogan
31,Hagan,Tawana,Engineering,2515,thagan
32,Hatchett,Virgil,Engineering,2555,vhatchett
33,Mata,Felipe,Engineering,2120,fmata
34,Minto,Esperanza,Engineering,2520,eminto
35,Nielson,Karole,Engineering,2550,knielson
36,Nubarron,Adra,Engineering,2510,anubarron
37,Omalla,Verla,Engineering,2130,vomalla
38,Onda,Marin,Engineering,2400,monda
39,Orilla,Kare,Engineering,2360,korilla
40,Orilla,Elsa,Engineering,2420,eorilla
41,Parrino,Silvio,Engineering,2125,sparrino
42,Pinckney,Antonia,Engineering,2545,apinckney
43,Quiroz,Twana,Engineering,2575,tquiroz
44,Reynoso,Walton,Engineering,2450,wreynoso
45,Ridenour,Berry,Engineering,2540,bridenour
46,Simonides,Jacobo,Engineering,2625,jsimonides
47,Tempestad,Brand,Engineering,2505,btempestad
48,Vico,Apostolis,Engineering,2440,avico
49,Whaley,Clemencia,Engineering,2560,cwhaley
50,Barranco,Ingrid,Executive,3120,ibarranco
51,Blue,Hobert,Executive,3350,hblue
52,Campo-Corrente,Ada,Executive,3130,acampo
53,Edward,Earlean,Executive,3300,eedward
54,Mintz,Emil,Executive,3220,emintz
55,Orosco,Lenna,Executive,3320,lorosco
56,Ovan,Bertrand,Executive,3370,bovan
57,Sanjorge Jr.,Sten,Executive,3000,jsanjorge
58,Strum,Orhan,Executive,3200,ostrum
59,Vasco-Pais,Willem,Executive,3160,wvasco
60,Arpa,Emile,Facilities,1070,earpa
61,Awelon,Varro,Facilities,1070,vawelon
62,Basham,Nerissa,Facilities,2230,nbasham
63,Bennett,Loretta,Facilities,2345,lbennett
64,Coginian,Dante,Facilities,2260,dcoginian
65,Davies,Effie,Facilities,2655,edavies
66,Gerard,Ariane,Facilities,1070,agerard
67,Hafon,Albina,Facilities,2320,ahafon
68,Hawelon,Benito,Facilities,2210,bhawelon
69,Hawelon,Claudio,Facilities,2240,chawelon
70,Kinney,Cari,Facilities,2220,ckinney
71,Kirchner,Fairy,Facilities,2270,fkirchner
72,Mies,Henk,Facilities,2250,hmies
73,Morlun,Valeria,Facilities,2300,morlunv
74,Morlun,Adan,Facilities,2660,amorlun
75,Morluniau,Cecilia,Facilities,2310,cmorluniau
76,Mullen,Boyd,Facilities,2350,bmullen
77,Nant,Irene,Facilities,1110,
78,Paredes,Raye,Facilities,1110,rparade
79,Scozzese,Dylan,Facilities,1110,dscozzese
80,Shipp,Caterina,Facilities,2340,cshipp
81,Song,Thanh,Facilities,1070,tsong
82,Staley,Chi,Facilities,1110,cstaley
83,Young,Patrick,Facilities,3230,pyoung
84,Adair,Faviola,HR,3450,fadair
85,Beebe,Pamala,HR,3310,pbeebe
86,Ratigan,Padraic,HR,3460,pratigan
87,Alcazar,Lucas,Information Technology,2165,lalcazar
88,Arlotti,Ilario,Information Technology,2570,iarlotti
89,Bagani,Luis,Information Technology,2580,lbagani
90,Bagni,Sisto,Information Technology,2565,sbagni
91,Baza,Isak,Information Technology,2145,ibaza
92,Bello,Erminia,Information Technology,2610,ebello
93,Bergen,Linnea,Information Technology,2200,lbergen
94,Calixto,Nils,Information Technology,2155,ncalixto
95,Coronado,Zena,Information Technology,2635,zcoronado
96,Faraldo,Raphale,Information Technology,2650,rfaralso
97,Flecha,Sven,Information Technology,2160,sflecha
98,Florez,Sanna,Information Technology,2605,sflorez
99,Lowery,Sharika,Information Technology,2615,slowery
100,Ovan,Isaia,Information Technology,2590,iovan
101,Sinagra,Spyro,Information Technology,2595,ssinagra
102,Solos,Celestina,Information Technology,2585,csolos
103,Unger,Jae,Information Technology,2640,junger
104,Whelan,Cyrus,Information Technology,2600,cwhelan
105,Bartley,Doretha,Security,2170,
106,Canada,Mi,Security,2170,
107,Castellanos,Janene,Security,2170,jcastellanos
108,Cocinaro,Hideki,Security,2170,hcocinaro
109,Fusil,Stenig,Security,1010,sfusil
110,Herrero,Kanon,Security,2170,kherrero
111,Holiday,Summer,Security,2170,
112,Kemp,Paulita,Security,2170,
113,Lagos,Varja,Security,1020,vlagos
114,Lea,Sherell,Security,2170,slea
115,Nardi,Adalberto,Security,2170,anardi
116,Nespola,Jonas,Security,2170,jnespola
117,Notaro,Mathias,Security,2170,
118,Pherigo,Alcide,Security,1100,
119,Resumir,Felix,Security,3410,fresumir
120,Rhoads,Dong,Security,2170,
121,Salvay,Selma,Security,2170,
122,Shultz,Merna,Security,2170,mshultz
123,Sowell,Xiomara,Security,2170,
124,Vann,Edvard,Security,1090,
125,Vollan,Mihalis,Security,2170,mvollan